# Anzeigeoptionen:# Gewichte anzeigen 1, Gewichte nicht anzeigen 0
showWeights,0
# Knoteninfo anzeigen 1,Knoteninfo nicht anzeigen 0
showInfoText,1
# Knoten leer 0, Knotenname anzeigen 1, Wert des Knoten anzeigen 2
vertexStyle,2
# Bild im Hintergrund (bitte im "images"-Ordner ablegen) --> Dateiname angeben. Fall kein Bild bitte 0 schreiben!
image,siedlerohnefischer.png
#
# Graph:
# gewichtet 1, ungewichtet 0
weighted,0
# gerichtet 1, ungerichtet 0
directed,1
# Der Graph liegt hier in Form einer Adjazenzliste vor.
# Jede Zeile steht fuer einen Knoten, durch Komma getrennt steht der adjazente Knoten mit dem zugehoerigen Kantengewicht.
list,infotext
Farm,284,83,1,3
Mühle,533,109,2
Bäckerei,690,154,6,5
Schweinefarm,124,239,4
Metzger,171,404,5,6
Kohlemine,425,441,7,8
Erzmine,734,308,7
Eisenschmelze,552,336,8
Werkzeugmacher,401,258,0,4,5,7