# Anzeigeoptionen:# Gewichte anzeigen 1, Gewichte nicht anzeigen 0
showWeights,0
# Knoteninfo anzeigen 1,Knoteninfo nicht anzeigen 0
showInfoText,1
# Knoten leer 0, Knotenname anzeigen 1, Wert des Knoten anzeigen 2
vertexStyle,0
# Kantenfarben: RGB-Hexcode (z.B. FF0000) oder invisible
# Reihenfolge: normale Kanten, markierte Kanten, gelöschte Kanten
edgeColor,606060,FF5080,D0D0D0
# Knotenfarben: RGB-Hexcode (z.B. FF0000) oder invisible
# Reihenfolge: nichts, markiert, besucht, besucht und markiert
# mind. 12 Farben müssen angegeben werden.vertexColor,A0A0A0,FF0000,FFFF00,00FFFF,AA00AA,888800,008888,880088,00a0FF,a400FF,FFa400,FF00a4,00FFa4,a4FF00
# Bild im Hintergrund (bitte im "images"-Ordner ablegen) --> Dateiname angeben. Fall kein Bild bitte 0 schreiben!
image,1_coloring_news_trans.png
#
# Graph:
# gewichtet 1, ungewichtet 0
weighted,0
# gerichtet 1, ungerichtet 0
directed,0
# Der Graph liegt hier in Form einer Adjazenzliste vor.
# Jede Zeile steht fuer einen Knoten, durch Komma getrennt steht der adjazente Knoten mit dem zugehoerigen Kantengewicht.
list
161,53,1,3
227,142,0,2
154,227,1,3
65,147,0,2