# Anzeigeoptionen:# Gewichte anzeigen 1, Gewichte nicht anzeigen 0
showWeights,0
# Knoteninfo anzeigen 1,Knoteninfo nicht anzeigen 0
showInfoText,1
# Knoten leer 0, Knotenname anzeigen 1, Wert des Knoten anzeigen 2
vertexStyle,2
# Bild im Hintergrund (bitte im "images"-Ordner ablegen) --> Dateiname angeben. Fall kein Bild bitte 0 schreiben!
image,0
#
# Graph:
# gewichtet 1, ungewichtet 0
weighted,0
# gerichtet 1, ungerichtet 0
directed,0
# Der Graph liegt hier in Form einer Adjazenzliste vor.
# Jede Zeile steht fuer einen Knoten, durch Komma getrennt steht der adjazente Knoten mit dem zugehoerigen Kantengewicht.
list
247,228,1,3
458,188,0,4
358,310,4,3
252,400,0,2,4
436,461,1,2,3