# Anzeigeoptionen:# Gewichte anzeigen 1, Gewichte nicht anzeigen 0
showWeights,0
# Knoteninfo anzeigen 1,Knoteninfo nicht anzeigen 0
showInfoText,1
# Knoten leer 0, Knotenname anzeigen 1, Wert des Knoten anzeigen 2
vertexStyle,2
# Bild im Hintergrund (bitte im "images"-Ordner ablegen) --> Dateiname angeben. Fall kein Bild bitte 0 schreiben!
image,0
#
# Graph:
# gewichtet 1, ungewichtet 0
weighted,0
# gerichtet 1, ungerichtet 0
directed,0
# Der Graph liegt hier in Form einer Adjazenzliste vor.
# Jede Zeile steht fuer einen Knoten, durch Komma getrennt steht der adjazente Knoten mit dem zugehoerigen Kantengewicht.
list,infotext
*,109,94,34,31,32,33
*,474,118,35,36,37,38
*,466,345,19,18,17,16
*,224,417,25,24,22
*,272,257,23,20,21
*,375,568,12,9,10,11
*,91,552,29,30
*,45,316,27,26,28
*,539,514,14,13,15
,298,517,5,24,10,29
,402,482,5,9,15,16,23
,448,569,5,14,15
,324,608,5,29
,562,451,8,17,14,16,15
,602,542,8,11,13
,473,508,8,10,11,13
,452,404,2,10,13,19
,548,356,2,13,36,18
,492,264,2,17,35
,405,327,2,16,23
,316,188,4,40,32
,213,218,4,32,31,27,28,22
,227,315,3,21,24
,352,309,4,10,19,24,35
,280,377,3,9,22,23
,147,420,3,28,26,29,30
,59,388,7,25,30
,76,269,7,21,34,31
,118,325,7,21,25
,171,573,6,9,12,25,30
,76,486,6,25,26,29
,101,163,0,21,27
,193,134,0,20,21,41
,192,45,0,41,34,38
,42,46,0,27,33
,419,157,1,18,23,40
,548,181,1,17,37
,568,68,1,36,38
,406,60,1,33,37,40
*,302,102,41,40
,361,114,20,35,38,39
,248,72,32,33,39