# Anzeigeoptionen:# Gewichte anzeigen 1, Gewichte nicht anzeigen 0
showWeights,1
# Größe der Knoten
vertexSize,17
# Knoteninfo anzeigen 1,Knoteninfo nicht anzeigen 0
showInfoText,1
# Knoten leer 0, Knotenname anzeigen 1, Wert des Knoten anzeigen 2
vertexStyle,0
# Bild im Hintergrund (bitte im "images"-Ordner ablegen) --> Dateiname angeben. Fall kein Bild bitte 0 schreiben!
image,1_mst_muddy_city_trans.png
#
# Graph:
# gewichtet 1, ungewichtet 0
weighted,1
# gerichtet 1, ungerichtet 0
directed,0
# Der Graph liegt hier in Form einer Adjazenzliste vor.
# Jede Zeile steht fuer einen Knoten, durch Komma getrennt steht der adjazente Knoten mit dem zugehoerigen Kantengewicht.
list
123,41,1,5.0,2,3.0,4,4.0
295,56,0,5.0,3,3.0,5,2.0,2,3.0,9,4.0
197,90,0,3.0,1,3.0,5,3.0,6,4.0,4,5.0
377,97,1,3.0,9,2.0
75,141,0,4.0,2,5.0,7,2.0,6,4.0
251,144,1,2.0,2,3.0,9,3.0,8,3.0,6,4.0
160,196,2,4.0,4,4.0,5,4.0,8,2.0,7,3.0
50,244,4,2.0,6,3.0,8,3.0
232,255,5,3.0,6,2.0,7,3.0,9,4.0
358,202,1,4.0,3,2.0,5,3.0,8,4.0