# Anzeigeoptionen:# Gewichte anzeigen 1, Gewichte nicht anzeigen 0
showWeights,1
# Knoteninfo anzeigen 1,Knoteninfo nicht anzeigen 0
showInfoText,0
# Knoten leer 0, Knotenname anzeigen 1, Wert des Knoten anzeigen 2
vertexStyle,1
# Bild im Hintergrund (bitte im "images"-Ordner ablegen) --> Dateiname angeben. Fall kein Bild bitte 0 schreiben!
image,0
#
# Graph:
# gewichtet 1, ungewichtet 0
weighted,1
# gerichtet 1, ungerichtet 0
directed,0
# Der Graph liegt hier in Form einer Adjazenzliste vor.
# Jede Zeile steht fuer einen Knoten, durch Komma getrennt steht der adjazente Knoten mit dem zugehoerigen Kantengewicht.
list
90,70,1,3.0,3,2.0,4,7.0
220,70,0,3.0,2,1.0,4,8.0
350,70,1,1.0,4,6.0,5,3.0
90,150,0,2.0,4,6.0
220,150,0,7.0,1,8.0,2,6.0,3,6.0,5,3.0,6,6.0,7,5.0
350,150,2,3.0,4,3.0
160,230,4,6.0,7,9.0
280,230,4,5.0,6,9.0