# Anzeigeoptionen:# Gewichte anzeigen 1, Gewichte nicht anzeigen 0
showWeights,1
# Knoteninfo anzeigen 1,Knoteninfo nicht anzeigen 0
showInfoText,1
# Knoten leer 0, Knotenname anzeigen 1, Wert des Knoten anzeigen 2
vertexStyle,2
# Bild im Hintergrund (bitte im "images"-Ordner ablegen) --> Dateiname angeben. Fall kein Bild bitte 0 schreiben!
image,2_mst_insel_karte_trans.png
#
# Graph:
# gewichtet 1, ungewichtet 0
weighted,1
# gerichtet 1, ungerichtet 0
directed,0
# Der Graph liegt hier in Form einer Adjazenzliste vor.
# Jede Zeile steht fuer einen Knoten, durch Komma getrennt steht der adjazente Knoten mit dem zugehoerigen Kantengewicht.
list
579,272,3,700.0,1,310.0,7,130.0,2,500.0
356,334,0,310.0,3,180.0,4,200.0,2,110.0,7,420.0,6,350.0
429,245,0,500.0,1,110.0,7,90.0,6,170.0,4,460.0
291,436,0,700.0,1,180.0,5,230.0,4,190.0
262,251,1,200.0,2,460.0,3,190.0,5,100.0,6,80.0
113,199,3,230.0,4,100.0,6,70.0
290,113,1,350.0,2,170.0,4,80.0,5,70.0,7,380.0
501,166,0,130.0,1,420.0,2,90.0,6,380.0